seed,fold,balanced_accuracy,sensitivity_recall,specificity,precision,f1,auprc
3,1,0.671312,0.361345,0.981279,0.023395,0.043945,0.009245
3,2,0.569638,0.151261,0.988016,0.015424,0.027994,0.003385
3,3,0.689033,0.400000,0.978066,0.022315,0.042272,0.009676
3,4,0.627289,0.266667,0.987912,0.026868,0.048818,0.008082
3,5,0.652524,0.325000,0.980048,0.019980,0.037645,0.007337
