seed,fold,balanced_accuracy,sensitivity_recall,specificity,precision,f1,auprc
5,1,0.636787,0.285714,0.987860,0.028381,0.051632,0.008994
5,2,0.645639,0.302521,0.988757,0.032316,0.058394,0.010641
5,3,0.683933,0.383333,0.984533,0.030085,0.055791,0.012303
5,4,0.653723,0.316667,0.990780,0.041215,0.072937,0.013906
5,5,0.624374,0.275000,0.973748,0.012941,0.024719,0.004465
