seed,fold,balanced_accuracy,sensitivity_recall,specificity,precision,f1,auprc
1,1,0.666401,0.352941,0.979860,0.021287,0.040153,0.008315
1,2,0.681410,0.378151,0.984668,0.029703,0.055080,0.012003
1,3,0.691573,0.400000,0.983146,0.028846,0.053812,0.012288
1,4,0.592313,0.200000,0.984627,0.016021,0.029666,0.004204
1,5,0.724525,0.475000,0.974051,0.022397,0.042777,0.011295
