seed,fold,balanced_accuracy,sensitivity_recall,specificity,precision,f1,auprc
5,1,0.835946,0.798319,0.873572,0.007776,0.015402,0.006458
5,2,0.842708,0.806723,0.878693,0.008186,0.016208,0.006844
5,3,0.854099,0.816667,0.891531,0.009335,0.018459,0.007853
5,4,0.793315,0.683333,0.903296,0.008766,0.017311,0.006386
5,5,0.839680,0.800000,0.879360,0.008231,0.016295,0.006835
