seed,fold,balanced_accuracy,sensitivity_recall,specificity,precision,f1,auprc
4,1,0.658923,0.319328,0.998519,0.211111,0.254181,0.068257
4,2,0.637769,0.277311,0.998227,0.162562,0.204969,0.045976
4,3,0.661890,0.325000,0.998780,0.250000,0.282609,0.082094
4,4,0.649411,0.300000,0.998821,0.241611,0.267658,0.073358
4,5,0.661066,0.325000,0.997132,0.124204,0.179724,0.041210
