seed,fold,balanced_accuracy,sensitivity_recall,specificity,precision,f1,auprc
5,1,0.571069,0.142857,0.999280,0.197674,0.165854,0.029302
5,2,0.625654,0.252101,0.999207,0.283019,0.266667,0.072276
5,3,0.690092,0.383333,0.996850,0.132184,0.196581,0.051441
5,4,0.607968,0.216667,0.999270,0.270833,0.240741,0.059660
5,5,0.595447,0.191667,0.999228,0.237113,0.211982,0.046457
