seed,fold,balanced_accuracy,sensitivity_recall,specificity,precision,f1,auprc
3,1,0.752188,0.512605,0.991771,0.071765,0.125903,0.037391
3,2,0.751380,0.512605,0.990154,0.060697,0.108541,0.031718
3,3,0.770672,0.550000,0.991343,0.073661,0.129921,0.041076
3,4,0.676752,0.366667,0.986838,0.033691,0.061711,0.013145
3,5,0.695354,0.400000,0.990707,0.051118,0.090652,0.021197
