seed,fold,balanced_accuracy,sensitivity_recall,specificity,precision,f1,auprc
4,1,0.654991,0.319328,0.990655,0.040685,0.072175,0.013836
4,2,0.647696,0.319328,0.976064,0.016288,0.030995,0.006045
4,3,0.676366,0.375000,0.977733,0.020642,0.039130,0.008522
4,4,0.668268,0.350000,0.986535,0.031508,0.057811,0.011840
4,5,0.684533,0.383333,0.985732,0.032532,0.059974,0.013241
