seed,fold,balanced_accuracy,sensitivity_recall,specificity,precision,f1,auprc
4,1,0.696899,0.403361,0.990436,0.049741,0.088561,0.020803
4,2,0.730450,0.470588,0.990311,0.056853,0.101449,0.027411
4,3,0.712683,0.433333,0.992032,0.063725,0.111111,0.028323
4,4,0.742000,0.491667,0.992334,0.074307,0.129103,0.037170
4,5,0.670552,0.350000,0.991103,0.046927,0.082759,0.017237
