seed,fold,balanced_accuracy,sensitivity_recall,specificity,precision,f1,auprc
2,1,0.730408,0.470588,0.990227,0.056395,0.100719,0.027195
2,2,0.736642,0.487395,0.985889,0.041106,0.075817,0.020670
2,3,0.675980,0.358333,0.993627,0.065749,0.111111,0.024362
2,4,0.725136,0.458333,0.991938,0.066425,0.116034,0.031122
2,5,0.701617,0.416667,0.986567,0.037369,0.068587,0.016300
