seed,fold,balanced_accuracy,sensitivity_recall,specificity,precision,f1,auprc
3,1,0.852891,0.815126,0.890656,0.009167,0.018131,0.007702
3,2,0.829025,0.773109,0.884941,0.008270,0.016366,0.006675
3,3,0.854365,0.825000,0.883730,0.008802,0.017419,0.007481
3,4,0.811832,0.733333,0.890332,0.008300,0.016413,0.006420
3,5,0.773743,0.600000,0.947486,0.014098,0.027549,0.008959
