seed,fold,balanced_accuracy,sensitivity_recall,specificity,precision,f1,auprc
4,1,0.821409,0.756303,0.886516,0.008203,0.016231,0.006506
4,2,0.848907,0.815126,0.882688,0.008550,0.016923,0.007199
4,3,0.845802,0.800000,0.891604,0.009152,0.018098,0.007572
4,4,0.842725,0.800000,0.885451,0.008665,0.017144,0.007182
4,5,0.826559,0.741667,0.911452,0.010374,0.020462,0.008017
