seed,fold,balanced_accuracy,sensitivity_recall,specificity,precision,f1,auprc
5,1,0.708675,0.428571,0.988778,0.045253,0.081862,0.020102
5,2,0.723621,0.453782,0.993461,0.079295,0.135000,0.036660
5,3,0.715123,0.441667,0.988579,0.046167,0.083596,0.021088
5,4,0.662630,0.333333,0.991927,0.049140,0.085653,0.017213
5,5,0.720135,0.450000,0.990269,0.054711,0.097561,0.025308
