seed,fold,balanced_accuracy,sensitivity_recall,specificity,precision,f1,auprc
2,1,0.857717,0.831933,0.883501,0.008785,0.017387,0.007517
2,2,0.853232,0.831933,0.874532,0.008162,0.016166,0.006999
2,3,0.816103,0.741667,0.890540,0.008409,0.016629,0.006560
2,4,0.844660,0.808333,0.880987,0.008429,0.016684,0.007053
2,5,0.818398,0.758333,0.878463,0.007749,0.015341,0.006178
