seed,fold,balanced_accuracy,sensitivity_recall,specificity,precision,f1,auprc
1,1,0.725805,0.462185,0.989424,0.051450,0.092593,0.024446
1,2,0.707501,0.428571,0.986431,0.037722,0.069341,0.016875
1,3,0.746365,0.500000,0.992730,0.079260,0.136830,0.040255
1,4,0.714685,0.441667,0.987703,0.043019,0.078402,0.019698
1,5,0.729031,0.466667,0.991395,0.063564,0.111888,0.030330
