seed,fold,balanced_accuracy,sensitivity_recall,specificity,precision,f1,auprc
2,1,0.660600,0.336134,0.985065,0.027174,0.050283,0.009957
2,2,0.616522,0.260504,0.972539,0.011637,0.022278,0.003948
2,3,0.668711,0.366667,0.970755,0.015449,0.029650,0.006456
2,4,0.677717,0.366667,0.988767,0.039251,0.070911,0.015184
2,5,0.600417,0.208333,0.992501,0.033602,0.057870,0.007990
