seed,fold,balanced_accuracy,sensitivity_recall,specificity,precision,f1,auprc
5,1,0.841703,0.798319,0.885087,0.008549,0.016916,0.007074
5,2,0.837799,0.789916,0.885681,0.008503,0.016825,0.006977
5,3,0.850819,0.808333,0.893304,0.009393,0.018570,0.007832
5,4,0.790457,0.675000,0.905914,0.008899,0.017567,0.006413
5,5,0.830111,0.775000,0.885221,0.008380,0.016580,0.006776
