seed,fold,balanced_accuracy,sensitivity_recall,specificity,precision,f1,auprc
1,1,0.833663,0.789916,0.877411,0.007934,0.015710,0.006527
1,2,0.796263,0.697479,0.895047,0.008181,0.016171,0.006081
1,3,0.820145,0.750000,0.890290,0.008483,0.016777,0.006675
1,4,0.857436,0.833333,0.881539,0.008728,0.017274,0.007481
1,5,0.848795,0.825000,0.872591,0.008039,0.015923,0.006851
