seed,fold,balanced_accuracy,sensitivity_recall,specificity,precision,f1,auprc
3,1,0.845868,0.806723,0.885014,0.008632,0.017082,0.007203
3,2,0.837286,0.798319,0.876253,0.007943,0.015730,0.006591
3,3,0.849692,0.825000,0.874385,0.008153,0.016146,0.006945
3,4,0.804594,0.725000,0.884189,0.007774,0.015383,0.005980
3,5,0.785159,0.625000,0.945317,0.014103,0.027584,0.009283
