seed,fold,balanced_accuracy,sensitivity_recall,specificity,precision,f1,auprc
2,1,0.860736,0.831933,0.889540,0.009261,0.018318,0.007913
2,2,0.849585,0.815126,0.884044,0.008649,0.017117,0.007279
2,3,0.811374,0.733333,0.889414,0.008231,0.016280,0.006370
2,4,0.843700,0.800000,0.887401,0.008814,0.017436,0.007301
2,5,0.814205,0.741667,0.886744,0.008129,0.016082,0.006352
