seed,fold,balanced_accuracy,sensitivity_recall,specificity,precision,f1,auprc
1,1,0.829473,0.773109,0.885838,0.008335,0.016492,0.006725
1,2,0.800023,0.697479,0.902567,0.008806,0.017393,0.006517
1,3,0.818987,0.741667,0.896308,0.008872,0.017535,0.006903
1,4,0.861082,0.833333,0.888830,0.009295,0.018384,0.007954
1,5,0.853473,0.825000,0.881946,0.008671,0.017161,0.007372
