seed,fold,balanced_accuracy,sensitivity_recall,specificity,precision,f1,auprc
2,1,0.633150,0.268908,0.997393,0.113475,0.159601,0.031421
2,2,0.655222,0.310924,0.999520,0.445783,0.366337,0.139459
2,3,0.678817,0.358333,0.999301,0.390909,0.373913,0.140878
2,4,0.674604,0.350000,0.999207,0.355932,0.352941,0.125389
2,5,0.570437,0.141667,0.999207,0.182796,0.159624,0.026969
