seed,fold,balanced_accuracy,sensitivity_recall,specificity,precision,f1,auprc
1,1,0.679640,0.361345,0.997935,0.178423,0.238889,0.065264
1,2,0.650014,0.302521,0.997507,0.130909,0.182741,0.040467
1,3,0.657859,0.316667,0.999051,0.294574,0.305221,0.094136
1,4,0.566630,0.133333,0.999927,0.695652,0.223776,0.093837
1,5,0.691004,0.383333,0.998675,0.265896,0.313993,0.102698
