seed,fold,balanced_accuracy,sensitivity_recall,specificity,precision,f1,auprc
3,1,0.613273,0.226891,0.999656,0.450000,0.301676,0.103059
3,2,0.558782,0.117647,0.999917,0.636364,0.198582,0.075960
3,3,0.703124,0.408333,0.997914,0.196787,0.265583,0.081094
3,4,0.637375,0.275000,0.999750,0.578947,0.372881,0.160117
3,5,0.633020,0.266667,0.999374,0.347826,0.301887,0.093670
