seed,fold,balanced_accuracy,sensitivity_recall,specificity,precision,f1,auprc
4,1,0.816502,0.756303,0.876701,0.007555,0.014961,0.006016
4,2,0.857507,0.840336,0.874678,0.008254,0.016347,0.007134
4,3,0.846537,0.808333,0.884741,0.008701,0.017217,0.007273
4,4,0.843794,0.808333,0.879255,0.008309,0.016449,0.006956
4,5,0.828692,0.750000,0.907384,0.010033,0.019802,0.007838
